INSERT INTO role (id, name) VALUES (1, 'ROLE_USER');
INSERT INTO role (id, name) VALUES (2, 'ROLE_ADMIN');
INSERT INTO role (id, name) VALUES (3, 'ROLE_HAUSVERWALTER');
INSERT INTO role (id, name) VALUES (4, 'ROLE_MITARBEITER');

INSERT INTO user(id, email, firstname, lastname, password) VALUES (1, 'verwalter@verwalter.com', 'VornameVerwalter', 'NachnameVerwalter', '$2a$10$T0ARwhSvu9mGD8XimXIUM.cDBsqcql4asnWOlsUvxZcd7VtbAy8/y');
INSERT INTO user_has_roles(user_id, role_id) VALUES (1, 3);
INSERT INTO user_additional_info(id, user_id, company_name, city, zip, street_and_no, telephone, website, fax) VALUES (1, 1, 'Company Name Verwalter GmbH', 'Bonn', '53111', 'Friedrichsstr. 53', '+49221280460', 'https://verwalterdomain.com', '+492212804677');

INSERT INTO user(id, email, firstname, lastname, password, hausverwalter_id) VALUES (2, 'user@user.com', 'VornameUser', 'NachnameUser', '$2a$10$T0ARwhSvu9mGD8XimXIUM.cDBsqcql4asnWOlsUvxZcd7VtbAy8/y', 1);
INSERT INTO user_has_roles(user_id, role_id) VALUES (2, 1);

INSERT INTO user(id, email, firstname, lastname, password, vorgesetzter_id) VALUES (3, 'mitarbeiter@verwalter.com', 'VornameMitarbeiter', 'NachnameMitarbeiter', '$2a$10$T0ARwhSvu9mGD8XimXIUM.cDBsqcql4asnWOlsUvxZcd7VtbAy8/y', 1);
INSERT INTO user_has_roles(user_id, role_id) VALUES (3, 4);

INSERT INTO user(id, email, firstname, lastname, password) VALUES (4, 'admin@admin.com', 'VornameAdmin', 'NachnameAdmin', '$2a$10$T0ARwhSvu9mGD8XimXIUM.cDBsqcql4asnWOlsUvxZcd7VtbAy8/y');
INSERT INTO user_has_roles(user_id, role_id) VALUES (4, 2);

INSERT INTO property(id, city, name, street_and_no, zip, hausverwalter_id) VALUES (1, 'Bonn', 'Gary & Frank', 'Pariser Straße 14', '53117', 1);
INSERT INTO property(id, city, name, street_and_no, zip, hausverwalter_id) VALUES (2, 'Bonn', 'Altstadt', 'Maxstraße 12', '53111', 1);
INSERT INTO property_has_users(property_id, user_id) VALUES (1, 2);

INSERT INTO pruefkriterium_category(id, name) VALUES(1, 'Außen');
INSERT INTO pruefkriterium_category(id, name) VALUES(2, 'Innen');
INSERT INTO pruefkriterium_category(id, name) VALUES(3, 'Dach + Fach');
INSERT INTO pruefkriterium_category(id, name) VALUES(4, 'SE / Mieteinheit');
INSERT INTO pruefkriterium_category(id, name) VALUES(5, 'Technik');
INSERT INTO pruefkriterium_category(id, name) VALUES(6, 'Sonstiges');

/* Admin Checklist Template */
INSERT INTO admin_checklist_template(id, name, default_checklist) VALUES (1, 'Außen', FALSE);

INSERT INTO admin_checklist_template_level(id, name, admin_checklist_template_id) VALUES (1, 'Garten', 1);
INSERT INTO admin_checklist_template_level(id, name, admin_checklist_template_id) VALUES (2, 'Hof', 1);
INSERT INTO admin_checklist_template_level(id, name, admin_checklist_template_id) VALUES (3, 'Tiefgarage', 1);

INSERT INTO admin_checklist_template_pruefkriterium(id, name, category_id, level_id) VALUES (1, 'Blumen gegossen', 2, 1);
INSERT INTO admin_checklist_template_pruefkriterium(id, name, category_id, level_id) VALUES (2, 'Beleuchtung', 1, 1);

INSERT INTO admin_checklist_template_pruefkriterium(id, name, category_id, level_id) VALUES (3, 'Mülleimer intakt', 2, 2);
INSERT INTO admin_checklist_template_pruefkriterium(id, name, category_id, level_id) VALUES (4, 'Bewegungsmelder', 1, 2);

INSERT INTO admin_checklist_template_pruefkriterium(id, name, category_id, level_id) VALUES (5, 'Parklinien sichtbar', 2, 3);
INSERT INTO admin_checklist_template_pruefkriterium(id, name, category_id, level_id) VALUES (6, 'Rolltor funktional', 1, 3);

/* Checklist Template für Hausverwalter */
INSERT INTO checklist_template(id, name, hausverwalter_id, default_checklist) VALUES (1, 'Außen', 1, FALSE);

INSERT INTO checklist_template_level(id, name, checklist_template_id) VALUES (1, 'Garten', 1);
INSERT INTO checklist_template_level(id, name, checklist_template_id) VALUES (2, 'Hof', 1);
INSERT INTO checklist_template_level(id, name, checklist_template_id) VALUES (3, 'Tiefgarage', 1);

INSERT INTO checklist_template_pruefkriterium(id, name, category_id, level_id) VALUES (1, 'Blumen gegossen', 2, 1);
INSERT INTO checklist_template_pruefkriterium(id, name, category_id, level_id) VALUES (2, 'Beleuchtung', 1, 1);

INSERT INTO checklist_template_pruefkriterium(id, name, category_id, level_id) VALUES (3, 'Mülleimer intakt', 2, 2);
INSERT INTO checklist_template_pruefkriterium(id, name, category_id, level_id) VALUES (4, 'Bewegungsmelder', 1, 2);

INSERT INTO checklist_template_pruefkriterium(id, name, category_id, level_id) VALUES (5, 'Parklinien sichtbar', 2, 3);
INSERT INTO checklist_template_pruefkriterium(id, name, category_id, level_id) VALUES (6, 'Rolltor funktional', 1, 3);


/* Checklist für Immobilie 1 */
INSERT INTO checklist(id, name, property_id) VALUES (1, 'Außen', 1);

INSERT INTO checklist_level(id, name, checklist_id) VALUES (1, 'Garten', 1);
INSERT INTO checklist_level(id, name, checklist_id) VALUES (2, 'Hof', 1);
INSERT INTO checklist_level(id, name, checklist_id) VALUES (3, 'Tiefgarage', 1);

INSERT INTO checklist_pruefkriterium(id, name, category_id, level_id) VALUES (1, 'Blumen gegossen', 2, 1);
INSERT INTO checklist_pruefkriterium(id, name, category_id, level_id) VALUES (2, 'Beleuchtung', 1, 1);

INSERT INTO checklist_pruefkriterium(id, name, category_id, level_id) VALUES (3, 'Mülleimer intakt', 2, 2);
INSERT INTO checklist_pruefkriterium(id, name, category_id, level_id) VALUES (4, 'Bewegungsmelder', 1, 2);

INSERT INTO checklist_pruefkriterium(id, name, category_id, level_id) VALUES (5, 'Parklinien sichtbar', 2, 3);
INSERT INTO checklist_pruefkriterium(id, name, category_id, level_id) VALUES (6, 'Rolltor funktional', 1, 3);


INSERT INTO task_scheduled_option(id, name, description) VALUES(1, 'täglich', 'Jeden Tag');
INSERT INTO task_scheduled_option(id, name, description) VALUES(2, 'täglich ohne Samstag und Sonntag', 'Jeden Wochentag');
INSERT INTO task_scheduled_option(id, name, description) VALUES(3, 'einmalig', 'Nur an diesem konkreten Datum');
INSERT INTO task_scheduled_option(id, name, description) VALUES(4, 'wöchentlich', 'Alle 7 Tage');
INSERT INTO task_scheduled_option(id, name, description) VALUES(5, 'monatlich', 'z.B. jeden Monat am 15.');